worker,duration,job,judgment,unit,wqs,wqs_initial
40703758,139.25,1,4,4,0.000502750969835,0.00111398495977
18969291,6.0,1,1,1,0.00168646459959,0.00636336290268
43923861,66.0,1,1,1,0.00292433417226,0.00591147063287
43332393,126.333333333,1,3,3,0.00712254998388,0.0102185380567
44214817,16.0,1,6,6,0.00817764026425,0.010743986725
44162427,223.857142857,1,14,14,0.0127745417501,0.0161101693468
43975211,63.6923076923,1,13,13,0.0145300966934,0.0524947697636
44209263,28.0,1,1,1,0.0149846298307,0.019090088708
43971951,28.0,1,7,7,0.0166885008758,0.0815531894714
44022928,14.1666666667,1,6,6,0.0168227310499,0.0823959533055
42577934,40.0,1,13,13,0.0170066255217,0.0158637363754
44208196,171.277777778,1,18,18,0.0191694540737,0.0209120234541
43984981,47.9708737864,1,103,103,0.0191884146612,0.0351661490859
25496660,14.6666666667,1,6,6,0.0244903246684,0.038152239697
44064888,107.571428571,1,7,7,0.0253182269903,0.029951789301
44031573,38.6666666667,1,6,6,0.027537404857,0.0188902174431
7348582,50.5,1,2,2,0.0298811597777,0.0242285901893
36891115,66.1578947368,1,57,57,0.0304718740312,0.0287165578717
44181754,198.666666667,1,15,15,0.0305073936284,0.0383496173375
20407931,32.7142857143,1,7,7,0.0311256066529,0.0284943996668
28526462,53.0,1,1,1,0.0342935271115,0.0311739843194
14528761,22.0,1,1,1,0.0358471049174,0.0326760441692
44005605,99.3333333333,1,9,9,0.0372751383812,0.0397542954293
41601719,63.25,1,4,4,0.0403893559822,0.0418184336959
43611950,22.4,1,5,5,0.0416953449505,0.0502311079077
44227220,133.0,1,4,4,0.0417752704016,0.0670835507886
44111966,21.3333333333,1,18,18,0.0430177645145,0.0480502123971
35962748,125.0,1,1,1,0.043403558739,0.0487348742301
44222882,101.5,1,14,14,0.0455535920643,0.0583412090288
44303435,16.8666666667,1,15,15,0.0455759172998,0.0414727117738
44159593,247.333333333,1,6,6,0.046442898376,0.0465490646247
44250230,88.5,1,2,2,0.046973873891,0.0776306055128
34366329,62.0,1,1,1,0.0481999012857,0.0571092189203
44176903,52.8,1,5,5,0.0493274927817,0.0250583918832
8261925,144.5,1,2,2,0.0501898571765,0.0619931485266
15261099,7.0,1,1,1,0.0504451924012,0.0630818103019
41127744,37.6610169492,1,59,59,0.0514716560694,0.0495203415004
44207097,82.0281690141,1,71,71,0.0527470462724,0.0788708098294
43498598,10.0,1,3,3,0.0558032368278,0.046680140943
44303445,12.4,1,15,15,0.05623827096,0.0474375345761
39531214,28.7,1,30,30,0.0602528451645,0.0578602506082
44191955,25.0,1,15,15,0.0603526270187,0.060984452272
17950689,108.044025157,1,159,159,0.0611422295568,0.0426702808227
44215040,45.9333333333,1,15,15,0.063368869743,0.0423882680006
43630454,55.099009901,1,101,101,0.0636249615652,0.0507534624423
18549673,56.0,1,1,1,0.0636706697189,0.0621473457244
44162476,10.5,1,2,2,0.0638606279323,0.0519138255899
44179448,28.625,1,24,24,0.0639683642166,0.0356885803324
44229723,49.6842105263,1,19,19,0.0644789988573,0.032397762708
44228548,74.9411764706,1,17,17,0.0650325826634,0.0547294865085
40735073,123.25,1,8,8,0.0652368078756,0.0663175148136
44217106,61.4814814815,1,54,54,0.0653636252865,0.0852778288597
44215146,187.4,1,15,15,0.06617362435,0.0629962251262
43985816,39.2888888889,1,45,45,0.0667044313638,0.0652707897931
42820715,90.2,1,15,15,0.0678076968186,0.0808449771858
44229659,38.2,1,5,5,0.0683166812235,0.0597917922394
43883205,33.1071428571,1,28,28,0.0689943362372,0.0724603125509
44170083,82.8888888889,1,63,63,0.0708352755523,0.0559355155838
11106820,104.466666667,1,15,15,0.0711015106389,0.0802686575419
43338334,188.25,1,4,4,0.0728180420754,0.0958365231058
44196945,146.5,1,4,4,0.0728731593161,0.0880383247817
37465804,97.0,1,1,1,0.0733795669439,0.0609274393399
40725179,75.6,1,15,15,0.0742522123104,0.0643760826103
13197642,47.6666666667,1,15,15,0.0764232468451,0.0598072865332
44282818,85.488372093,1,43,43,0.0782398039704,0.0595365430819
44177859,172.235294118,1,17,17,0.0801148067543,0.0618146919508
42693607,49.2959183673,1,98,98,0.0803866575902,0.0637809839995
42490908,68.3333333333,1,3,3,0.0821575676846,0.0583508519546
38517728,56.3333333333,1,15,15,0.0843736244626,0.0949746830892
44261397,87.8333333333,1,6,6,0.0843930843161,0.0790430537728
19526833,89.8666666667,1,15,15,0.0849410755413,0.0583207601395
43972054,45.4545454545,1,11,11,0.0875135983544,0.0580646750402
43167893,217.266666667,1,30,29,0.0898308449525,0.0808071747991
43698588,74.0666666667,1,15,15,0.0901966338517,0.0659987701
44301971,262.2,1,5,5,0.0906565594062,0.0645008607741
43102813,115.628571429,1,70,70,0.0912139218276,0.0623677144906
7265244,29.0,1,5,5,0.0913326229595,0.0730482885277
44271664,8.5,1,2,2,0.0921879928075,0.0860288149731
44217072,39.1578947368,1,38,38,0.0929638276528,0.116239123336
44292353,48.2857142857,1,14,14,0.0931900519243,0.0833497647114
44217097,41.32,1,50,50,0.0935271200798,0.0917412161264
39570145,84.0,1,1,1,0.094903106183,0.0787323906973
43975115,94.8666666667,1,30,30,0.0952042007375,0.068061767321
19854505,62.5,1,8,8,0.0952645577606,0.0938561917997
44196782,90.55,1,60,60,0.0963077822003,0.0659662619837
43860631,20.5217391304,1,23,23,0.0970540551824,0.0797235261481
43887314,96.0317460317,1,63,63,0.0971116753588,0.0569626391477
36468266,47.2903225806,1,62,62,0.0971176805333,0.0661402652584
44241043,61.375,1,8,8,0.0973098122912,0.0949397351992
43665383,48.0666666667,1,15,15,0.0978157493965,0.0559931083772
39884878,35.5714285714,1,7,7,0.0987709853953,0.058400775769
43974264,11.0,1,1,1,0.0992109346321,0.101976419997
43987776,39.0,1,9,9,0.101787332788,0.0956886732801
44254107,68.0,1,1,1,0.102382909693,0.102626371642
15925358,98.8,1,5,5,0.102464401677,0.090375074109
44191864,47.6,1,5,5,0.10303876928,0.090770505473
44256597,9.0,1,1,1,0.103059033143,0.0927354031802
44180540,41.4242424242,1,33,33,0.103713932791,0.0757439147311
22396848,21.5,1,4,4,0.104546305985,0.089483232493
43476716,43.8666666667,1,30,30,0.104748877157,0.0819592252069
44276053,237.083333333,1,12,12,0.105992398724,0.0987990049598
44054282,115.46875,1,64,64,0.10729581575,0.088857427544
44126671,186.914893617,1,47,47,0.108516838397,0.0742745030748
43785549,97.4615384615,1,13,13,0.108960575163,0.0724498870133
36466155,271.0,1,4,4,0.109366409344,0.10523275496
19780901,68.3333333333,1,3,3,0.110040748854,0.172359240207
44170592,67.2,1,10,10,0.110619488655,0.0397855220888
44233968,77.8,1,15,15,0.110805584638,0.0941811798416
30188660,37.0909090909,1,11,11,0.111342418208,0.0807919003552
43969382,45.0,1,5,5,0.111837752145,0.0715082438631
20483583,49.5,1,4,4,0.112036370142,0.142691320233
44265785,158.6,1,5,5,0.112126342898,0.101121064894
44230164,75.9565217391,1,46,46,0.113443336871,0.0802398031709
44208493,94.0,1,1,1,0.114465854889,0.0953316282998
44126851,184.944444444,1,18,18,0.116818704991,0.0875166461295
44215731,48.8666666667,1,15,15,0.116917229631,0.0597830039052
44132145,133.333333333,1,3,3,0.118241400186,0.120402076416
44189477,58.6363636364,1,11,11,0.119931844664,0.0671004237141
44282085,19.0,1,15,15,0.122047616977,0.0916044007914
44165199,413.0,1,2,2,0.12277504731,0.151485131066
42609241,79.1276595745,1,47,47,0.122836792176,0.110792607648
44029644,20.2,1,15,15,0.123327863992,0.0903448144785
44254968,50.0625,1,16,16,0.124029564715,0.0870844987502
44113725,221.261744966,1,149,149,0.124168576741,0.0861713311809
6348382,155.0,1,1,1,0.124318509728,0.101351258405
44015607,178.25,1,36,36,0.124749257184,0.0954569169854
44223409,43.0238095238,1,42,42,0.125194240514,0.161559367758
2044524,32.4333333333,1,30,30,0.125216298246,0.103849713544
44099814,97.8571428571,1,7,7,0.127101607467,0.11237363264
35694756,84.2222222222,1,9,9,0.127941626144,0.101064969337
44145380,56.9285714286,1,56,56,0.128213868163,0.0867511146435
1914041,28.0,1,15,15,0.12835925748,0.109977427552
6576528,46.033492823,1,209,209,0.128467010302,0.0874956312133
43680640,72.0,1,1,1,0.128719758077,0.12366587652
44213719,68.3333333333,1,3,3,0.128989344857,0.118676299477
39013744,44.8076923077,1,104,104,0.129856511926,0.0951399689634
44204154,42.5384615385,1,65,65,0.130096506778,0.145394153365
43747423,59.4375,1,16,16,0.130111852062,0.0884263959913
44226518,111.0,1,1,1,0.130690943289,0.108194879182
13253916,69.8571428571,1,7,7,0.131080135642,0.114380603673
36266493,37.0,1,12,12,0.132420973972,0.105259020486
43854007,36.25,1,4,4,0.13477541751,0.125580757093
39127197,20.0,1,2,2,0.135293032854,0.0564812951998
36986148,70.3333333333,1,3,3,0.1360860397,0.106857118778
6363996,214.8,1,10,10,0.137988639731,0.100576608293
39339973,38.2307692308,1,65,65,0.139932902107,0.124879343514
44255757,47.6428571429,1,28,28,0.140957611338,0.104270400976
43670571,17.0,1,1,1,0.142607235329,0.139896252
44324297,76.9333333333,1,15,15,0.143429064755,0.102794195698
44263594,15.0,1,3,3,0.143472780189,0.10290817557
44203945,31.6666666667,1,18,18,0.143539582463,0.111268975871
44293663,125.68,1,25,25,0.143838130594,0.104931239392
44147081,106.823529412,1,34,34,0.14458389255,0.104880368299
43160111,70.375,1,32,32,0.145540587917,0.111302342194
44195361,99.9333333333,1,15,15,0.145743896917,0.0806278897478
43948769,31.8461538462,1,13,13,0.145866077581,0.126566027237
44322393,63.3472222222,1,72,72,0.146392548433,0.105719681937
44044125,27.6375,1,80,80,0.147552085987,0.103990885386
44156284,93.5555555556,1,18,18,0.147625217002,0.130877816643
44102552,54.7,1,30,30,0.147681518663,0.117271114762
44278209,60.3395061728,1,162,162,0.147892633841,0.11539925963
43935088,49.6842105263,1,19,19,0.14995650673,0.0963540089361
44244900,34.6666666667,1,18,18,0.151837889892,0.114490522066
31462934,62.0,1,1,1,0.152176426839,0.151268584275
27597031,35.64,1,25,25,0.152665327133,0.0932095249089
44237949,123.380952381,1,21,21,0.152856972079,0.112162342823
44099994,22.085106383,1,47,47,0.15377932498,0.113440288202
44142811,17.0263157895,1,114,114,0.153954531293,0.108761486251
44234175,50.3047619048,1,105,105,0.154082924699,0.104558348841
43314753,40.5,1,6,6,0.154613314499,0.168072144522
32362391,131.928571429,1,14,14,0.155278873861,0.0921893122199
44244546,49.1666666667,1,24,24,0.155953101555,0.123734364183
42023252,119.0,1,12,12,0.155976149882,0.133149789633
44054204,111.16,1,50,50,0.157786159482,0.0998563088825
44132726,86.2,1,5,5,0.158442731509,0.16599470366
44189114,100.758241758,1,91,91,0.15847353995,0.121268263668
44141802,37.5384615385,1,13,13,0.159079386508,0.136001546256
44068912,69.625,1,24,24,0.159707838585,0.0981521467332
38479796,28.6866666667,1,150,150,0.160259085149,0.103275590334
44259098,78.7058823529,1,17,17,0.160311770603,0.105083381567
44049964,45.3710691824,1,159,159,0.160434202193,0.116677031694
43913997,34.75,1,4,4,0.160944566953,0.149030413701
44237591,58.5,1,4,4,0.162097011981,0.166355046466
44304949,132.857142857,1,7,7,0.162167741384,0.136493591024
44063920,63.9090909091,1,88,88,0.163328366273,0.144350450202
44038135,51.0615384615,1,195,195,0.164307344694,0.109050331147
10959404,34.78,1,100,100,0.164917007826,0.124150793336
39463195,82.4117647059,1,17,17,0.165835417669,0.13343887966
6309240,70.7,1,40,40,0.167614653842,0.127127532174
27770607,32.9230769231,1,182,182,0.168370226522,0.109617023519
44101328,203.553571429,1,56,56,0.169551288018,0.110507672414
1863467,52.1333333333,1,15,15,0.17013854984,0.109994810736
43983782,68.3727810651,1,338,338,0.170762731975,0.12861223574
39912464,71.0,1,2,2,0.170937271423,0.140859540523
36174227,77.0,1,2,2,0.170963919855,0.130371159991
44303302,175.239130435,1,46,46,0.171265441539,0.119305994016
43755034,43.2666666667,1,15,15,0.17150123353,0.130815750691
44288864,118.0,1,68,68,0.173950699269,0.150616229532
21613169,26.1044776119,1,67,67,0.174219349826,0.115008219142
43783971,36.2179487179,1,78,78,0.174810243186,0.150367679666
44180794,70.8,1,15,15,0.175057565882,0.17743760097
44088493,63.5333333333,1,15,15,0.176551994503,0.123819983658
35797102,21.8181818182,1,11,11,0.177488117491,0.113781035086
44235614,50.186440678,1,59,59,0.178284743659,0.12678671599
44038582,102.166666667,1,30,30,0.178549470166,0.158263159958
44176037,79.2380952381,1,21,21,0.179646926077,0.14251888176
14723284,28.4,1,30,30,0.180846574887,0.0959438597759
44180706,33.9090909091,1,11,11,0.181457862574,0.0701822858468
43063480,66.5283018868,1,53,53,0.181513892369,0.105544386369
24835873,32.6096256684,1,374,374,0.181730463149,0.115332075324
44326365,62.8666666667,1,15,15,0.182001142916,0.109854225593
42660466,60.625,1,8,8,0.182172178526,0.135440040717
44137551,23.5862068966,1,29,29,0.182693310193,0.22098448023
44279728,190.0,1,1,1,0.18326286331,0.172583885018
26649250,31.0,1,1,1,0.183704143965,0.173229479727
26024737,10.8723404255,1,47,47,0.184604294775,0.101559900377
24992939,22.803030303,1,66,66,0.184734725967,0.11755942772
6450759,21.0,1,29,29,0.185188302792,0.109835165633
14555684,33.0666666667,1,15,15,0.185309906846,0.124137332832
42847740,147.2,1,5,5,0.185875620303,0.137541469533
15965551,55.3026315789,1,76,76,0.186099812462,0.13654299463
44311608,32.7741935484,1,31,31,0.186299926766,0.151225375238
34534543,196.666666667,1,3,3,0.186487669799,0.124058385461
32631430,20.8,1,10,10,0.186489434064,0.0924659729058
22419688,106.5,1,2,2,0.187167949663,0.184010563802
28521374,70.5714285714,1,14,14,0.187454385793,0.169023135684
43900600,272.345971564,1,211,211,0.187592609271,0.128299106717
13842059,34.1578947368,1,19,19,0.187750586072,0.131270945901
32472208,73.5555555556,1,9,9,0.18921365615,0.151730160316
41838051,87.4418604651,1,43,43,0.189685689831,0.124403132504
44187371,38.1612903226,1,31,31,0.190409549578,0.163287449383
44248178,25.5571428571,1,140,140,0.190605138482,0.152382715654
3587109,18.0220588235,1,136,136,0.190641506762,0.126151251951
32173500,66.3333333333,1,6,6,0.193403094725,0.124690460981
43861575,18.4033149171,1,181,181,0.193658116262,0.132166202566
43645733,42.4285714286,1,7,7,0.194037816542,0.130690374174
40700258,21.6666666667,1,6,6,0.194444090761,0.1616217989
44279073,48.1596638655,1,119,119,0.194577061653,0.173485489856
44223324,56.3333333333,1,6,6,0.194692242984,0.12279529836
44215825,591.333333333,1,15,15,0.196197593978,0.136344998059
21875134,352.205479452,1,219,219,0.196772849341,0.134080263367
44116196,74.0625,1,32,32,0.198112165058,0.14021902604
43995157,58.5,1,20,20,0.198645961809,0.114732671197
44282879,48.0333333333,1,30,30,0.198742914594,0.165235891164
44043587,15.4666666667,1,45,45,0.199076654261,0.157854279225
43719192,58.5384615385,1,26,26,0.19959612681,0.174240434539
42696194,37.9333333333,1,15,15,0.19969288422,0.153302448121
41161616,94.0869565217,1,92,92,0.199777748476,0.145527923179
43517926,46.5555555556,1,18,18,0.199795704023,0.145217682963
11767390,19.7647058824,1,34,34,0.201458573313,0.150580821085
11001780,80.5,1,6,6,0.201689463883,0.15300742333
44242942,103.0,1,2,2,0.203336043215,0.172538986604
44060750,12.1875,1,16,16,0.203401749726,0.146156204191
30777913,38.3214285714,1,28,28,0.203950530822,0.164096060536
44194084,54.9473684211,1,19,19,0.204233263764,0.126687665728
44131306,106.896551724,1,29,29,0.204235637023,0.237973957328
15004831,200.65,1,20,20,0.204623071583,0.136149846828
44215920,126.188481675,1,191,190,0.20517842076,0.150882759825
44294485,20.2,1,40,40,0.206562348196,0.173643120977
44243615,53.6333333333,1,210,210,0.208066525677,0.183129729855
32777726,158.5,1,4,4,0.209186419637,0.121997785548
44094520,219.5,1,6,6,0.209885600927,0.173026957618
43707962,67.8,1,5,5,0.210902721027,0.180828189941
43527907,53.0,1,2,2,0.211863353049,0.183133887586
43847974,156.758241758,1,182,182,0.212102917956,0.155162402046
44254871,79.7272727273,1,22,22,0.21242551308,0.202888438023
42687475,90.25,1,4,4,0.213076445527,0.189043407448
44272176,155.11627907,1,43,43,0.213673893544,0.153618097632
41812828,35.7727272727,1,22,22,0.214021876962,0.118941349002
44043052,153.857142857,1,7,7,0.214094664953,0.115144188483
43534804,81.3333333333,1,15,15,0.214276931401,0.176652614024
16469970,39.0,1,2,2,0.214571487768,0.170091610784
44319057,213.7,1,10,10,0.21556651475,0.196418058956
4316379,25.3492063492,1,315,315,0.216354199205,0.136507256754
43884271,31.8398058252,1,206,206,0.216388782517,0.177973280878
43398063,98.0,1,1,1,0.216436135449,0.212286290484
44062380,82.7936962751,1,349,349,0.217469260796,0.163930577603
44119043,67.4285714286,1,21,21,0.217637483779,0.175770040798
44208285,99.5890410959,1,73,72,0.218479527186,0.123796003332
42783052,80.3333333333,1,39,39,0.218875710039,0.158617395996
23503585,91.6,1,10,10,0.219226830774,0.122588850712
11145155,28.4,1,10,10,0.219539822346,0.163805238645
15555970,49.0,1,1,1,0.223271253086,0.225362309716
43991258,23.7,1,10,10,0.223869550396,0.192329000583
16715963,37.3333333333,1,6,6,0.224596000106,0.173166740486
1924522,24.2297297297,1,74,74,0.224861860396,0.14570146996
44227105,94.5217391304,1,46,46,0.225011233434,0.168198477938
40039601,85.625,1,8,8,0.22584543361,0.190960058806
39034513,245.125,1,16,16,0.225952353877,0.161398333664
42934441,54.8571428571,1,14,14,0.225990308109,0.136417898295
43709087,217.933333333,1,15,15,0.226054474731,0.179734700808
43978267,96.0,1,15,15,0.226193544099,0.106016072548
44084851,41.5333333333,1,30,30,0.2267951774,0.139576344019
34609243,72.3333333333,1,15,15,0.227324007277,0.159160929886
22489346,35.4545454545,1,11,11,0.228523204893,0.172433330963
43228472,57.9285714286,1,14,14,0.229001785179,0.200597340581
44156370,38.9333333333,1,15,15,0.229208387412,0.172101279734
44275976,124.533333333,1,15,15,0.229442823728,0.195247323102
44305197,41.1333333333,1,15,15,0.229652268476,0.153193504879
44333710,7.0,1,1,1,0.231414739015,0.206396943463
44339902,170.375,1,8,8,0.232487836426,0.183473951399
44276910,113.6,1,15,15,0.232721077808,0.176925570891
43856242,30.78125,1,32,32,0.23349709661,0.155853949243
43951421,40.2,1,15,15,0.233826599513,0.141129161437
22360250,27.8,1,5,5,0.233978846594,0.138375989449
44215950,149.631578947,1,38,38,0.234089703539,0.182760987813
44264551,92.5384615385,1,13,13,0.234549441408,0.175727666076
44110297,76.7333333333,1,45,45,0.23487646641,0.151016584799
28577612,107.909090909,1,22,22,0.235246074162,0.132479883496
44221734,42.7619047619,1,42,42,0.235601131576,0.178140801284
1855113,50.9431818182,1,88,88,0.235663162526,0.17992306283
44029695,78.2666666667,1,15,15,0.2359458474,0.187631297884
12366026,29.8888888889,1,9,9,0.235948845953,0.209078669862
43996498,69.8148148148,1,27,27,0.236091749054,0.168228789428
6082058,173.058823529,1,17,17,0.237619089849,0.125213449698
44325757,32.1333333333,1,15,15,0.237885890208,0.152001868069
19838540,80.7765363128,1,358,358,0.238012548022,0.165814074676
40233359,75.0,1,5,5,0.23822449743,0.201431171794
44277014,161.862068966,1,29,29,0.238795504101,0.189362438297
43858672,29.84375,1,96,96,0.238985716251,0.200651415214
44032696,177.789473684,1,19,19,0.239079909022,0.160371862971
44164300,79.8,1,10,10,0.239416626827,0.17162520928
43741430,23.3265306122,1,98,98,0.241687420866,0.163232416996
44225611,125.875,1,56,56,0.242674594647,0.140159037141
3671372,23.7826086957,1,23,23,0.242827086271,0.139041812067
44080758,57.7586206897,1,29,29,0.243405855009,0.170884685329
44124794,87.5,1,8,8,0.243416559931,0.118802408493
38082417,42.4666666667,1,15,15,0.244171542176,0.181431175848
43787258,59.9444444444,1,18,18,0.245519363219,0.169333483052
44082600,132.285714286,1,7,7,0.245712102443,0.136425312663
25756304,80.5384615385,1,13,13,0.245905522484,0.132368655899
6823072,105.4,1,5,5,0.246526420778,0.187611094796
43704483,47.8888888889,1,45,45,0.247078992998,0.174762891867
18972023,66.9838709677,1,62,62,0.248210590109,0.167254392175
44266069,183.083333333,1,12,12,0.248444176556,0.187508857919
43987462,38.375,1,8,8,0.248915998072,0.177775502865
44220382,82.4166666667,1,120,120,0.251440564401,0.192936135141
44276056,99.1584158416,1,101,101,0.252475366209,0.207250452001
30584198,57.1,1,10,10,0.252484814869,0.197848994983
44202411,37.7333333333,1,15,15,0.25248922153,0.192057686443
18466403,72.75,1,4,4,0.252560639626,0.194110855466
44261167,20.4637681159,1,69,69,0.252585756407,0.186871967718
43768012,149.066666667,1,15,15,0.253704034091,0.141213093193
40206876,181.4,1,5,5,0.255043323483,0.253374530612
32850083,43.2677165354,1,127,127,0.255856666717,0.169830276267
40421145,41.8,1,45,45,0.257024251848,0.138082821114
30766630,58.4705882353,1,238,238,0.257691270043,0.161627273015
16854635,62.9024390244,1,246,246,0.257890657634,0.158365716966
22500775,53.7368421053,1,19,19,0.258570353645,0.130226621597
44170407,39.0810810811,1,111,111,0.259100463529,0.199093954377
44303307,205.866666667,1,30,30,0.25928094943,0.20486199869
39513281,42.8,1,15,15,0.259440689242,0.13518435632
43887010,83.0,1,1,1,0.25958714489,0.255511816286
43522574,87.5925925926,1,27,27,0.259866147335,0.160103292671
44249409,136.6,1,15,15,0.259874684422,0.248606623931
6342161,92.6666666667,1,15,15,0.261414210551,0.16566481785
28335646,93.9382716049,1,324,324,0.261767443647,0.159107472788
44000728,117.606382979,1,94,94,0.262009672684,0.154740671954
43999669,37.0731707317,1,82,82,0.263209205281,0.207304017091
44240152,55.5384615385,1,52,52,0.264060467574,0.222876179483
44251435,44.5660377358,1,53,53,0.264985508987,0.188253702087
44277951,79.7,1,30,30,0.265844975245,0.197164583796
44277360,80.3333333333,1,30,30,0.265844975245,0.197164583796
42544704,20.3846153846,1,13,13,0.266513173926,0.20691658868
44290398,107.0,1,3,3,0.267332371283,0.226850185222
44244416,27.2666666667,1,15,15,0.267430112859,0.208810482654
43980338,69.0,1,4,4,0.267754870651,0.143209498922
43906893,74.0,1,3,3,0.267962448949,0.14406232187
27934334,50.2727272727,1,154,154,0.26816656991,0.191721108281
44338739,118.733333333,1,15,15,0.268309615141,0.212919025164
24043308,42.9090909091,1,44,44,0.269998750463,0.170597560916
31613324,145.809045226,1,199,199,0.270847637615,0.167841834171
44220716,139.845360825,1,97,97,0.271562869614,0.208660284669
18614189,34.2777777778,1,18,18,0.275936505144,0.185249441859
19378092,56.375,1,8,8,0.276479234373,0.21714980275
44127254,66.5833333333,1,12,12,0.27652226318,0.200420631526
44086788,28.0,1,1,1,0.277285993982,0.256113799528
44221674,59.0,1,2,2,0.278013203112,0.218268053611
41499434,31.9661016949,1,118,118,0.278244335946,0.200081080745
44244017,64.9090909091,1,22,22,0.279123632434,0.202302933981
44327972,42.5,1,2,2,0.279170763213,0.295371905232
44088267,74.6341463415,1,41,41,0.279283661465,0.190233335809
38202325,166.514223195,1,457,457,0.279446776995,0.197291443893
31585669,61.5555555556,1,18,18,0.279750849497,0.192754515702
11068774,39.0,1,2,2,0.280028486495,0.240708857295
44244709,304.0,1,22,22,0.281210475933,0.238636802663
44303332,74.4,1,15,15,0.28149448724,0.236044305226
44162779,182.647058824,1,17,17,0.282306027361,0.201367131594
34713230,45.5217391304,1,23,23,0.28264174689,0.206495065994
43939644,76.5555555556,1,9,9,0.282799758132,0.201799771251
11131207,135.580865604,1,439,439,0.286964850629,0.191758713307
3696575,49.25,1,4,4,0.287307086072,0.221869442923
44220819,116.076271186,1,118,118,0.287639730851,0.224235632532
44207995,20.8181818182,1,11,11,0.290012414714,0.205609764955
39017656,71.7333333333,1,15,15,0.290279487643,0.177239624277
31883685,60.8379310345,1,290,290,0.290928846787,0.210101966684
44180373,279.0,1,4,4,0.29145633382,0.305778782651
43371725,81.0,1,1,1,0.293608152814,0.2583717007
39925494,49.1578947368,1,19,19,0.296573401237,0.185869641166
44247585,144.697674419,1,43,43,0.296969115129,0.227138697878
44259837,163.333333333,1,15,15,0.298931723912,0.196177588792
44213031,72.5,1,4,4,0.299678683593,0.19630995241
32338429,62.5,1,4,4,0.299735832031,0.238075707017
43650804,53.9166666667,1,24,24,0.300046582987,0.130021086192
34537436,51.9230769231,1,13,13,0.30012237766,0.220232150176
44276035,104.985714286,1,70,70,0.3010971705,0.254513733515
44231434,66.5357142857,1,28,28,0.30243505234,0.249537518652
44220882,190.423076923,1,26,26,0.302471991428,0.20957096475
11257883,199.384615385,1,78,78,0.303393864103,0.199187652707
44053585,62.2432432432,1,37,37,0.304738792438,0.236541772002
41841195,41.6601941748,1,103,103,0.307023580106,0.185206574428
44112578,74.4545454545,1,55,55,0.308932174518,0.158372990853
44012585,80.9538461538,1,65,65,0.309200090799,0.259143048163
44133399,185.564885496,1,131,131,0.31124960298,0.219686450357
43021376,86.8181818182,1,11,11,0.311406593768,0.204135897049
29768955,32.4166666667,1,12,12,0.31175346175,0.23122758563
44187710,57.5384615385,1,13,13,0.312567033542,0.181802985257
29096504,27.6024096386,1,83,83,0.313194716258,0.17933982558
43959305,22.825,1,120,120,0.313839223834,0.242621431738
22496080,48.6,1,5,5,0.314889696269,0.231111361941
44057828,25.4,1,10,10,0.314910497727,0.256576987199
39226056,154.763157895,1,38,38,0.314967209117,0.184426413497
44152442,138.515151515,1,33,33,0.315044303903,0.180704183292
44256721,103.442622951,1,61,61,0.315212596125,0.262041608039
43939704,23.0847457627,1,118,118,0.315887342147,0.243051667444
39027412,104.410714286,1,56,56,0.316328212105,0.25194858273
29289135,70.7019230769,1,208,208,0.316348142181,0.212930111343
44004954,118.333333333,1,6,6,0.317128996721,0.209840916932
44064183,149.277777778,1,18,18,0.317312538904,0.248174393213
38548574,54.701754386,1,57,57,0.31760694354,0.216726915127
43982188,20.5625,1,16,16,0.318600779097,0.203470157493
44308105,88.5777777778,1,45,45,0.318718993493,0.254725747173
44090708,108.594594595,1,74,74,0.318945093625,0.169473812259
44246740,102.689189189,1,74,74,0.319550448831,0.239357258671
43859546,186.115384615,1,26,26,0.319557040423,0.214493536831
21405768,184.666666667,1,3,3,0.320634980575,0.245300577253
43826288,67.5,1,2,2,0.322487620631,0.244224029885
44276946,106.866666667,1,30,30,0.322719231547,0.284477270066
41835374,43.0,1,1,1,0.322909706866,0.348263016573
18960682,52.4978354978,1,231,231,0.325410702887,0.211873916346
24280827,64.9,1,20,20,0.326222294384,0.174597675916
44071870,125.659574468,1,188,188,0.328005496093,0.223845458111
6367365,39.7636363636,1,275,275,0.328509153969,0.209252398029
6330007,125.968253968,1,63,63,0.328830118103,0.224805858906
35330747,116.125,1,16,16,0.33206325594,0.199084479133
43713735,37.8444444444,1,45,45,0.332388717333,0.230226556492
44237743,61.2307692308,1,13,13,0.332955062699,0.235726590666
44220760,81.7333333333,1,15,15,0.334715836154,0.28953402992
6377879,39.5050847458,1,295,295,0.336304144298,0.239104698971
44201185,172.25,1,12,12,0.336636829958,0.211467821296
1883056,49.4414893617,1,188,188,0.337435770148,0.241431530844
31508822,46.21875,1,96,96,0.337777913981,0.209426997495
44282542,160.75,1,4,4,0.339259358293,0.281511790262
44118344,57.1111111111,1,9,9,0.339391041745,0.272680769673
12115558,29.9807692308,1,52,52,0.33959636207,0.194474111593
43113169,39.6666666667,1,9,9,0.340030322027,0.253725523397
44232165,191.0,1,2,2,0.340742187837,0.317705562729
29849805,97.5,1,10,10,0.34118845569,0.28035237647
27674429,74.8,1,15,15,0.34136799847,0.238266133719
6338946,90.5,1,4,4,0.341735147683,0.217861164974
44291040,223.318181818,1,22,22,0.34370338664,0.292712170419
39133098,57.7333333333,1,15,15,0.343871992039,0.267685414845
12874324,198.0,1,9,9,0.344413039604,0.223017112514
44230328,38.9,1,20,20,0.34446936564,0.222758352202
39930719,122.823529412,1,34,34,0.346910049968,0.297056585143
19302668,61.0,1,4,4,0.347545158811,0.190052525398
44213102,80.6666666667,1,15,15,0.347745853914,0.260544162923
41957650,42.0,1,8,8,0.348498819277,0.277342061242
27914150,19.6,1,5,5,0.348517119066,0.256345636606
6432269,36.8666666667,1,15,15,0.348977221426,0.189247642694
15193250,47.7324840764,1,157,157,0.351321264,0.260282101939
44203820,140.625,1,8,8,0.352257593694,0.281101696867
5861591,37.4528301887,1,53,53,0.352291640818,0.245063585221
25781776,45.4444444444,1,18,18,0.352407261167,0.316102595017
43889159,226.0,1,6,6,0.352618880703,0.18514724162
15577915,18.4393939394,1,66,66,0.35273452832,0.24422325528
40032300,34.8723404255,1,282,282,0.353244479833,0.240364905191
38044754,78.0909090909,1,11,11,0.353761396351,0.244409904439
42768322,46.0,1,1,1,0.356982657897,0.370048531968
43869892,148.5,1,16,16,0.35848244626,0.261628046869
44287131,41.9259259259,1,27,27,0.359336569414,0.276950666527
44235292,57.0,1,148,148,0.359574179821,0.275490569654
44218005,105.861445783,1,166,166,0.35979462109,0.280291204961
44303394,47.7368421053,1,38,38,0.360827567165,0.280369230894
44057528,112.888198758,1,161,161,0.36117198926,0.247951034525
18215885,63.5,1,4,4,0.362794128179,0.240477481794
44235589,48.5416666667,1,48,48,0.363256593842,0.301046412755
13581319,21.8712871287,1,101,101,0.363493879669,0.249212519564
20312760,36.8701298701,1,77,77,0.364237720899,0.260552799057
44238417,52.3333333333,1,15,15,0.364259978768,0.20882848681
26643631,39.3571428571,1,56,56,0.364472917748,0.269648798886
27106354,74.8666666667,1,15,15,0.366385958272,0.287306675425
34070076,47.7,1,70,70,0.367246631385,0.229982417658
44309696,16.5,1,6,6,0.368450669003,0.255425030348
44142832,111.433333333,1,30,30,0.370054629391,0.298114716596
35147304,31.2857142857,1,7,7,0.371005812156,0.305530289552
24252915,64.0,1,3,3,0.371365106711,0.206537756511
29686407,68.0,1,1,1,0.373101812121,0.325484051755
44217509,36.7857142857,1,14,14,0.374056002921,0.272164436206
43997601,196.636363636,1,22,22,0.374082079787,0.27958973079
44161624,134.944444444,1,18,18,0.374972673892,0.334493975634
44254972,110.477272727,1,44,44,0.375448311398,0.318139046846
43708576,91.8947368421,1,19,19,0.375922810748,0.243582898613
44313556,141.0,1,15,15,0.378138471715,0.275710118554
44190030,97.2612612613,1,111,111,0.37880919006,0.260575446372
35473680,178.2,1,15,15,0.378879484687,0.253567566694
6524027,45.0537634409,1,186,186,0.378906380896,0.237497693747
44204650,38.0,1,2,2,0.38192519043,0.160645402607
44211899,193.083333333,1,48,48,0.383907661979,0.299917191716
38846365,298.064516129,1,31,31,0.38411245064,0.209176003078
6341779,40.8666666667,1,15,15,0.384940830721,0.28166097013
41545007,70.9305555556,1,144,144,0.386401218693,0.282160691371
42393430,55.0,1,8,8,0.389036942437,0.244992775602
44293099,69.0,1,1,1,0.389454031542,0.358284168613
7012325,60.4090909091,1,22,22,0.391563276607,0.278540513097
28351359,35.3333333333,1,6,6,0.39164417112,0.314914189461
38806465,24.9047619048,1,21,21,0.391782841343,0.317475436655
41264988,71.0,1,1,1,0.393849286819,0.37428900525
14861092,22.6666666667,1,129,129,0.394279889892,0.234153030613
44156451,94.0142857143,1,70,70,0.396881568092,0.303717811179
44287673,40.6428571429,1,14,14,0.397467963064,0.302477441018
44214882,113.699029126,1,103,103,0.398019531692,0.317664836243
44182794,54.5,1,2,2,0.400707171971,0.428412474752
28675156,42.8666666667,1,15,15,0.401222866838,0.330907418532
25358609,43.2,1,15,15,0.4016294635,0.301709541294
6352345,33.7647058824,1,17,17,0.402316223966,0.272770341121
29301997,36.1818181818,1,11,11,0.403112328493,0.22030410023
19294877,129.027777778,1,36,36,0.404980027422,0.308417580498
44136987,70.4666666667,1,15,15,0.404985941158,0.261184163882
39478708,127.125,1,40,40,0.407489564383,0.266507197899
23854490,63.0,1,1,1,0.407623588862,0.328829785076
40925305,51.0387096774,1,310,310,0.408482432531,0.282444487531
7111544,19.4285714286,1,7,7,0.408660573009,0.269583481626
41125622,108.0,1,2,2,0.410398460445,0.272366526036
44246595,21.4666666667,1,15,15,0.411558761226,0.27875727596
44283307,22.9310344828,1,29,29,0.412021842403,0.30165505642
6336109,119.748251748,1,143,143,0.41261567302,0.276136194713
11014534,94.1538461538,1,13,13,0.413404032642,0.290762161613
24403612,41.371040724,1,221,221,0.414393257422,0.260263441965
44064364,19.6666666667,1,3,3,0.416483057539,0.357478766546
36971600,96.2666666667,1,15,15,0.416530866049,0.344012971136
28810858,44.0,1,6,6,0.41903849992,0.322570831983
39073124,43.5242290749,1,227,227,0.421663766051,0.295841473991
44292104,67.5666666667,1,30,30,0.421897601055,0.362153445892
35903629,26.2857142857,1,14,14,0.422828272088,0.314773822188
13300986,30.4700854701,1,117,117,0.424789747855,0.276769818606
30330488,51.2222222222,1,9,9,0.425154796561,0.307357847061
43578523,61.9259259259,1,27,27,0.42610631044,0.304443864907
27990857,84.0,1,3,3,0.426341927139,0.389025910796
40488533,92.3,1,20,20,0.42742080827,0.330490118881
38158803,27.0769230769,1,39,39,0.428137200621,0.282208273619
44214553,419.0,1,1,1,0.428793239848,0.380110550779
18531561,75.12,1,25,25,0.428981943642,0.303054555134
44060023,97.0,1,5,5,0.430331373145,0.408445659306
18386513,76.037037037,1,27,27,0.430543867336,0.256808107967
23287154,50.0666666667,1,15,15,0.430899751543,0.313118707359
36851940,71.5106382979,1,47,47,0.432663639246,0.339821135609
44108479,105.5,1,10,10,0.433197692196,0.268493623588
27568181,63.8636363636,1,22,22,0.433431716079,0.27938422752
44216020,226.285714286,1,21,21,0.43438774329,0.308784452643
44039290,85.4166666667,1,60,60,0.436164174895,0.360846975962
39147083,84.2666666667,1,15,15,0.438481695629,0.339948588652
44206177,27.0,1,6,6,0.438821841654,0.373750014844
44213555,84.0,1,1,1,0.439518345,0.37620931352
44229830,64.8695652174,1,69,69,0.442943032254,0.36305481584
44255568,277.0,1,1,1,0.443446875951,0.421170807903
44192955,144.133333333,1,15,15,0.444779460082,0.389007273181
44013595,61.4666666667,1,15,15,0.445116902867,0.296928210624
18666417,59.4347826087,1,92,92,0.445314384796,0.314051845843
44259754,59.8095238095,1,21,21,0.445462472984,0.361549781361
44199127,110.066666667,1,15,15,0.44711299425,0.256707319909
44183461,86.4,1,15,15,0.449060138366,0.321592751698
36166698,43.3870967742,1,31,31,0.450186140842,0.312405502074
35849301,75.8571428571,1,14,14,0.451188604254,0.340278576031
20306047,55.3416666667,1,120,120,0.452500238662,0.339904917121
44182591,93.0,1,13,13,0.453420128123,0.233335374731
42927472,131.25,1,4,4,0.454805825078,0.370314882742
31988217,34.25,1,156,156,0.456375019402,0.314086678807
43619823,38.6785714286,1,28,28,0.456976989977,0.316148344411
44188219,101.5,1,2,2,0.457011524048,0.412597790738
44198456,127.615384615,1,13,13,0.462539088216,0.350655190935
39664721,82.9,1,20,20,0.463647036859,0.271900103271
34374082,45.3888888889,1,18,18,0.465421481416,0.24799039498
44157726,63.5,1,12,12,0.465794673456,0.321748270717
44290944,103.027027027,1,37,37,0.466977452788,0.38185006803
43220185,86.3333333333,1,33,33,0.468567413681,0.356606787731
43605496,121.2,1,10,10,0.468634525142,0.380654245888
23977248,34.2,1,5,5,0.471865803685,0.287757529828
44074924,39.9333333333,1,15,15,0.471975309701,0.40651390306
44200697,458.142857143,1,7,7,0.472429541644,0.296725642601
35351404,53.3333333333,1,15,15,0.474843267219,0.316858144033
36313199,48.3495934959,1,123,123,0.476322146789,0.319861126615
44260958,25.4,1,10,10,0.477569650139,0.338417938299
23144069,55.7037037037,1,27,27,0.478509539807,0.321426499421
38817461,52.0,1,4,4,0.479999245588,0.338030237027
44203888,104.102167183,1,323,323,0.481432627731,0.380154213755
18482369,42.95,1,20,20,0.482329918701,0.363217449374
43799342,48.6666666667,1,15,15,0.485871641389,0.362149726367
44302419,125.586206897,1,29,29,0.487846679652,0.413027624207
30145358,44.125,1,8,8,0.487988833667,0.396569903998
39744930,76.606557377,1,61,61,0.488641030688,0.333748404855
43182644,72.2571428571,1,35,35,0.489287636287,0.382150984881
29328107,163.5,1,2,2,0.490712745592,0.441948865027
6413571,66.2580645161,1,31,31,0.492244576242,0.354233465218
40599766,66.0,1,15,15,0.492783358322,0.356641259821
21245943,293.24,1,25,25,0.49580319306,0.316249155225
44293157,43.0,1,7,7,0.496253006835,0.427319201405
42393622,321.5,1,4,4,0.497393759707,0.370015026713
44021516,168.75,1,4,4,0.504516582253,0.322632841048
36826029,92.7642857143,1,140,140,0.505371625726,0.348726306043
44183400,74.6428571429,1,14,14,0.507018679746,0.397794841621
44257917,119.733333333,1,15,15,0.507767535108,0.447494131005
44218485,49.9805825243,1,103,103,0.5080164556,0.421016992566
6355877,126.9625,1,80,80,0.508076529719,0.385300801485
44316968,86.6666666667,1,15,15,0.508080950484,0.418721169009
44108545,57.0860215054,1,93,93,0.509898869622,0.382566055293
11460728,50.3146067416,1,89,89,0.511460884808,0.386847814071
43722428,23.1818181818,1,11,11,0.512641290041,0.39961054448
41375780,53.5,1,2,2,0.513929947048,0.389401994021
32414674,82.8,1,15,15,0.514297210115,0.331025573377
37881503,52.2333333333,1,30,30,0.51463043489,0.371210444872
44232898,85.3962264151,1,106,106,0.516621616324,0.420951973424
34788729,134.2,1,5,5,0.516684806712,0.455278043436
20929875,82.4,1,5,5,0.518960599004,0.343060883558
36929821,38.380952381,1,21,21,0.521068411766,0.389566172724
8715359,102.666666667,1,9,9,0.52232135586,0.334692593162
44223038,63.3958333333,1,96,96,0.522759224674,0.429437016714
38487725,78.0,1,1,1,0.52349281561,0.444921252445
41290202,37.5438596491,1,57,57,0.524276815874,0.378453629445
44144187,75.1333333333,1,15,15,0.528384363012,0.409148040415
44277314,67.4,1,30,30,0.530820513055,0.440046301419
43584008,42.6363636364,1,11,11,0.530928037775,0.307289617313
44277267,83.6216216216,1,37,37,0.533409595142,0.446323723445
20179847,59.0,1,16,16,0.533445521017,0.366479284116
44258019,83.0144927536,1,69,69,0.533982192721,0.455285393701
44277809,63.0888888889,1,180,180,0.535804242312,0.453829968113
43608685,78.6666666667,1,15,15,0.540518736602,0.397397789673
43656720,63.7142857143,1,7,7,0.541754847771,0.399949842334
37673989,51.4545454545,1,11,11,0.542094865935,0.453085752131
28776776,36.4754098361,1,61,61,0.543744592748,0.436995982684
39797332,100.5,1,4,4,0.545066488777,0.356494428216
21043907,56.2666666667,1,15,15,0.545639111824,0.448217481909
44305715,60.7307692308,1,208,208,0.54643239252,0.452082031807
43692680,95.4,1,15,15,0.54696628571,0.437422761184
36518845,35.5,1,4,4,0.547169653565,0.27801389497
44311752,86.4117647059,1,17,17,0.549831555109,0.460791215396
12680049,25.0,1,15,15,0.554114402917,0.357814735786
43526470,25.7,1,10,10,0.555276463723,0.454322209149
44266195,91.6666666667,1,6,6,0.558100450578,0.490424950309
35607359,21.75,1,32,32,0.558898655671,0.456412420397
24104564,54.2068965517,1,29,29,0.562191346935,0.418349689
34699374,55.5384615385,1,13,13,0.566341204609,0.426864210069
44307472,77.2457627119,1,118,118,0.5671092487,0.46141865569
38089029,43.0,1,2,2,0.567485435714,0.504339956341
13818593,74.8571428571,1,7,7,0.568232746082,0.482035905372
5814726,99.6875,1,16,16,0.570149487756,0.487737418536
44305965,8.0,1,2,2,0.571320884765,0.526041915404
32356401,217.84,1,25,25,0.57480452184,0.431543165923
33946118,165.3,1,10,10,0.575232586041,0.347641574465
2171654,55.3333333333,1,15,15,0.578344909759,0.421137578217
39575511,38.0,1,5,5,0.582251414515,0.455663710033
23171596,38.6,1,10,10,0.589100724568,0.457083060378
19810879,64.4,1,15,15,0.589695736083,0.44128042717
44291491,69.8,1,25,25,0.591113880606,0.456495879215
44306048,79.3333333333,1,15,15,0.595170423857,0.469356339239
35062592,48.5,1,2,2,0.596773550082,0.590612245793
44305929,121.733333333,1,30,30,0.603977495996,0.497842758816
39078035,22.3333333333,1,6,6,0.605503226316,0.546964191675
35256604,57.25,1,4,4,0.61069017629,0.526315539473
32547262,77.7142857143,1,14,14,0.612431701972,0.478283257683
28709211,89.0,1,1,1,0.620466548509,0.592276103581
43175089,255.75,1,4,4,0.623244890027,0.363012683963
38198526,88.0,1,3,3,0.636319183813,0.538575426236
40265255,48.2666666667,1,15,15,0.638122154732,0.536068476314
23017572,175.25,1,12,12,0.640369252476,0.52546030004
43684309,44.6666666667,1,15,15,0.642252116832,0.547690920252
44211563,53.0,1,1,1,0.647699252214,0.613854420153
43730665,119.0,1,2,2,0.657828010369,0.641996925974
44229653,42.0,1,1,1,0.660020552897,0.650026564117
43142051,72.1,1,10,10,0.664762504684,0.568801322661
32245411,42.1111111111,1,9,9,0.66535752332,0.537919296223
44067545,683.0,1,2,2,0.687692931181,0.629731439413
42233797,154.0,1,1,1,0.687765640115,0.57587030967
44114418,34.8333333333,1,6,6,0.688249241675,0.532555545478
43707012,53.0,1,3,3,0.689351803874,0.500437343768
43604076,22.8888888889,1,9,9,0.693497021361,0.533076991683
44205245,25.6666666667,1,6,6,0.695361162115,0.48528231314
41265265,64.1666666667,1,6,6,0.696662463998,0.527005406906
19638651,38.0,1,1,1,0.703094007094,0.642750392024
36631819,50.75,1,4,4,0.705617122007,0.643111865871
35551850,43.2,1,5,5,0.709971554998,0.534395712708
36002600,44.0,1,5,5,0.726618647595,0.642715024161
43321380,56.5,1,2,2,0.733891711197,0.653304567563
6645897,116.0,1,1,1,0.776908456428,0.754879848715
39949614,29.75,1,4,4,0.796902872064,0.746289426561
37946325,33.0,1,1,1,0.802447183103,0.681044706604
44135461,58.5,1,2,2,0.828148551837,0.752095609821
